,Training MSE,Testing MSE
1,0.05906073749065399,0.16573534103540274
2,0.13973833620548248,0.2492988986464647
3,0.1737252026796341,0.18286377993913797
4,0.03443518280982971,0.2659337360125322
5,0.08212422579526901,0.19145027146889612
6,0.04006350040435791,0.20980188307853845
7,0.0736340805888176,0.19331145859681642
8,0.0445510596036911,0.19930349233058783
9,0.04742107912898064,0.17461737531882066
10,0.11100593954324722,0.1569657729795346
